{
  "timestamp": "2026-01-02T23:26:35.274598",
  "epochs": 100,
  "batch_size": 128,
  "learning_rate": 0.001,
  "best_epoch": 34,
  "best_val_loss": 0.5171836614608765,
  "num_train_samples": 1243684,
  "num_val_samples": 138187
}